{
  "processed_frames": 50,
  "statistics": {
    "descriptor_times": [
      1636.7030143737793,
      1669.5823669433594,
      1649.9860286712646,
      1634.000539779663,
      1571.1033344268799,
      1603.0683517456055,
      1567.4855709075928,
      1584.7010612487793,
      1545.4726219177246,
      1512.8183364868164,
      1498.4161853790283,
      1543.4386730194092,
      1502.4020671844482,
      1599.2798805236816,
      1488.5566234588623,
      1470.0734615325928,
      1456.587791442871,
      1857.3007583618164,
      1509.5610618591309,
      1521.890640258789,
      1606.3127517700195,
      1516.188144683838,
      1501.9609928131104,
      1721.369743347168,
      1434.0572357177734,
      1463.865041732788,
      1413.120985031128,
      1431.5507411956787,
      1465.0819301605225,
      1412.25004196167,
      1330.2245140075684,
      1376.279354095459,
      1366.5342330932617,
      1382.7884197235107,
      1488.7547492980957,
      1315.9575462341309,
      1311.7327690124512,
      1343.6803817749023,
      1326.9188404083252,
      1362.2767925262451,
      1450.8635997772217,
      1302.3576736450195,
      1287.92405128479,
      1297.3828315734863,
      1273.2083797454834,
      1214.7173881530762,
      1246.7033863067627,
      1258.5184574127197,
      1279.3560028076172,
      1312.7448558807373
    ],
    "query_times": [
      0.06103515625,
      0.05817413330078125,
      0.05745887756347656,
      0.05841255187988281,
      0.05602836608886719,
      0.0553131103515625,
      0.05698204040527344,
      0.05698204040527344,
      0.064849853515625,
      0.05459785461425781,
      0.056743621826171875,
      0.06031990051269531,
      0.05793571472167969,
      0.05626678466796875,
      0.06127357482910156,
      0.05745887756347656,
      0.05459785461425781,
      0.06031990051269531,
      0.05888938903808594,
      0.05602836608886719,
      0.05626678466796875,
      0.05602836608886719,
      0.055789947509765625,
      0.05698204040527344,
      0.06127357482910156,
      0.056743621826171875,
      0.05793571472167969,
      0.052928924560546875,
      0.057220458984375,
      0.056743621826171875,
      0.05650520324707031,
      0.05316734313964844,
      0.05650520324707031,
      0.05626678466796875,
      0.10728836059570312,
      0.056743621826171875,
      0.05793571472167969,
      0.080108642578125,
      0.05602836608886719,
      0.05507469177246094,
      0.12493133544921875,
      0.056743621826171875,
      0.059604644775390625,
      0.0591278076171875,
      0.05841255187988281,
      0.05602836608886719,
      0.05650520324707031,
      0.05650520324707031,
      0.06079673767089844,
      0.057220458984375
    ],
    "update_times": [
      0.36907196044921875,
      0.3921985626220703,
      0.43773651123046875,
      0.3228187561035156,
      0.4551410675048828,
      0.2911090850830078,
      0.4782676696777344,
      0.3275871276855469,
      0.40793418884277344,
      0.32782554626464844,
      0.3838539123535156,
      0.36907196044921875,
      0.34236907958984375,
      0.4887580871582031,
      0.4887580871582031,
      0.48065185546875,
      0.3490447998046875,
      0.4458427429199219,
      0.4093647003173828,
      0.5333423614501953,
      0.47850608825683594,
      0.4963874816894531,
      0.4253387451171875,
      0.4010200500488281,
      0.4317760467529297,
      0.331878662109375,
      0.34356117248535156,
      0.35953521728515625,
      0.38433074951171875,
      0.4265308380126953,
      0.4127025604248047,
      0.37217140197753906,
      0.37741661071777344,
      0.5314350128173828,
      0.7717609405517578,
      0.3502368927001953,
      0.44727325439453125,
      0.4849433898925781,
      0.3879070281982422,
      0.4913806915283203,
      0.7841587066650391,
      0.4267692565917969,
      0.446319580078125,
      0.44155120849609375,
      0.4456043243408203,
      0.4756450653076172,
      0.43964385986328125,
      0.4699230194091797,
      0.48065185546875,
      0.46443939208984375
    ],
    "trigger_loops": [],
    "true_loops": [],
    "false_loops": []
  },
  "configuration": {
    "voxel_size": 2,
    "useful_corner_num": 500,
    "plane_detection_thre": 0.01,
    "proj_plane_num": 1,
    "proj_image_resolution": 0.5,
    "similarity_threshold": 0.7,
    "skip_near_num": 100,
    "descriptor_near_num": 10,
    "descriptor_min_len": 2,
    "descriptor_max_len": 50
  },
  "database_final_size": 30268,
  "timing_summary": {
    "mean_descriptor_time": 1458.342204093933,
    "mean_query_time": 0.060181617736816406,
    "mean_update_time": 0.43363094329833984
  }
}