{
  "frame_id": 7,
  "btc_count": 726,
  "triangle_stats": {
    "min_side_length": 12.612661475019987,
    "max_side_length": 190.93504789719137,
    "mean_side_length": 79.38206294964799
  }
}